{
  "sections": {
    "bpi-hero": {
      "type": "bpi-hero",
      "settings": {
        "heading": "Guayos de alto rendimiento",
        "subheading": "Compra directa por WhatsApp",
        "cta_text": "Hablar por WhatsApp",
        "cta_message": "Hola, quiero asesoría para elegir mis guayos."
      }
    },
    "bpi-benefits": {
      "type": "bpi-benefits",
      "settings": {},
      "blocks": {
        "b1": {
          "type": "item",
          "settings": {
            "title": "Envíos 1–3 días",
            "desc": "A toda Colombia"
          }
        },
        "b2": {
          "type": "item",
          "settings": {
            "title": "Contraentrega",
            "desc": "Ciudades principales"
          }
        },
        "b3": {
          "type": "item",
          "settings": {
            "title": "Pagos seguros",
            "desc": "Nequi • PSE • Tarjeta"
          }
        },
        "b4": {
          "type": "item",
          "settings": {
            "title": "Devolución 5 días",
            "desc": "Aplican T&C"
          }
        }
      },
      "block_order": [
        "b1",
        "b2",
        "b3",
        "b4"
      ]
    },
    "bpi-grid": {
      "type": "bpi-product-grid",
      "settings": {
        "collection": "all",
        "limit": 12,
        "show_compare": true
      }
    },
    "bpi-cod": {
      "type": "bpi-cod-form",
      "settings": {},
      "blocks": {},
      "block_order": []
    }
  },
  "order": [
    "bpi-hero",
    "bpi-benefits",
    "bpi-grid",
    "bpi-cod"
  ]
}